Sr. No.,Part number,Description,Part Group
1,20K1010S,CHAIN SPROCKET KIT( XTREME/HUNK),Chain Sprocket Kit
2,20K110S,CHAIN SPROCKET KIT,Chain Sprocket Kit
3,20K1110S,CHAIN SPROCKET KIT,Chain Sprocket Kit
4,20K1120S,CHAIN SPROCKET KIT ( NEW),Chain Sprocket Kit
5,20K210S,CHAIN SPROCKET KIT-SPLENDOR,Chain Sprocket Kit
6,20K310S,CHAIN SPROCKET KIT,Chain Sprocket Kit
7,20K410S,CHAIN SPROCKET KIT-PASSION,Chain Sprocket Kit
8,20K450S,CHAIN SPROKET KIT,Chain Sprocket Kit
9,20K600S,CHAIN SPROCKET KIT (KARIZMA),Chain Sprocket Kit
10,20K810S,CHAIN SPROCKET KIT (GLAMOUR),Chain Sprocket Kit
11,20K820S,CHAIN SPROKET KIT,Chain Sprocket Kit
12,20K910S,CHAIN SPROCKET KIT (ACHIEVER),Chain Sprocket Kit
13,K41412AAFF400S,"KIT, CHAIN SPROCKET",Chain Sprocket Kit
14,K41412AANNB00S,CHAIN SPROCKET KIT,Chain Sprocket Kit
15,K41412AABMA00S,"KIT, CHAIN SPROCKET",Chain Sprocket Kit
16,K41412ABZA000S,CHAIN SPROCKET KIT,Chain Sprocket Kit
17,K41412KSTG941S,"KIT, CHAIN SPROCKET",Chain Sprocket Kit
18,K40405AAGRC00S,CHAIN SPROCKET KIT,Chain Sprocket Kit
19,K40405KVEA901S,CHAIN SPROCKET KIT,Chain Sprocket Kit
20,K41405AACNB10S,"KIT, CHAIN SPROCKET",Chain Sprocket Kit
21,K41405AAJPA00S,CHAIN SPROCKET KIT,Chain Sprocket Kit
22,K41412AAJAH00S,CHAIN SPROCKET KIT,Chain Sprocket Kit
23,K41412AAJAH02S,"KIT, CHAIN SPROCKET",Chain Sprocket Kit
24,K41412ABWB100S,"KIT, CHAIN SPROCKET",Chain Sprocket Kit
25,K41412ABWJ900S,KIT CHAIN SPROCKET,Chain Sprocket Kit
26,K41412ABWK900S,KIT CHAIN SPROCKET,Chain Sprocket Kit
27,K41412KSTG942S,"KIT, CHAIN SPROCKET",Chain Sprocket Kit
28,K40405AACNB00S,"KIT, CHAIN SPROCKET",Chain Sprocket Kit
29,K41412AAJH600S,"KIT, CHAIN SPROCKET",Chain Sprocket Kit
30,K41412AARB000S,CHAIN SPROKET KIT,Chain Sprocket Kit
31,K41412ABAA000S,"KIT, CHAIN SPROCKET",Chain Sprocket Kit
32,K41412ABAA001S,"KIT, CHAIN SPROCKET",Chain Sprocket Kit
33,K41412ABAA002S,"KIT, CHAIN SPROCKET",Chain Sprocket Kit
34,K41412KSTG943S,"KIT, CHAIN SPROCKET",Chain Sprocket Kit
35,20K610S,CHAIN SPROCKET KIT (KARIZMA),Chain Sprocket Kit
36,K41412AAKL900S,KIT CHAIN SPROCKET,Chain Sprocket Kit
37,43120365H70S,SHOE COMP.BRAKE,Brake Shoe
38,45125AAHF0099S,SHOE COMP BRAKE,Brake Shoe
39,43125KST92099S,SHOE COMP.BRAKE,Brake Shoe
40,43125KST940S,SHOE COMP. BRAKE,Brake Shoe
41,45125KCCH00S,SHOE COMP.BRAKE,Brake Shoe
42,K06431198S670S,KIT BRAKE SHOE,Brake Shoe
43,K06431KSTG941S,KIT BRAKE SHOE,Brake Shoe
44,K06431KTCF981S,KIT BRAKE SHOE,Brake Shoe
45,K06431KTNA701S,KIT BRAKE SHOE,Brake Shoe
46,K06451KCCA900S,KIT BRAKE SHOE,Brake Shoe
47,980565773800S,SPARK PLUG,Spark Plug
48,31917AACH00S,SPARK PLUG,Spark Plug
49,31916KPH90099S,SPARK PLUG,Spark Plug
50,31916KRM84099S,SPARK PLUG,Spark Plug
51,31917KPH90099S,SPARK PLUG,Spark Plug
52,31916ABW801S,SPARK PLUG REK6YCA,Spark Plug
53,31916KST920AS,SPARK PLUG,Spark Plug
54,31918HM5630S,SPARK PLUG,Spark Plug
55,31916KRM841S,SPARK PLUG,Spark Plug
56,9805656707M0S,SPARK PLUG,Spark Plug
57,31917KPH901S,SPARK PLUG,Spark Plug
58,31916KPH901S,SPARK PLUG,Spark Plug
59,980695791603S,SPARK PLUG,Spark Plug
60,31918ACA001S,SPARK PLUG,Spark Plug
61,31916ACL001S,SPARK PLUG,Spark Plug
62,51500KRP982S,CUSHION ASSEMBLY LEFT FRONT,Rear Cushion Assembly
63,51400KRP982S,CUSHION ASSEMBLY RIGHT FRONT,Rear Cushion Assembly
64,52400KWA90099S,CUSHION ASSY REAR,Rear Cushion Assembly
65,52400KTR841S,CUSHION ASSY. REAR,Rear Cushion Assembly
66,52400KCC905ZBS,CUSHION ASSY.RR(BLACK),Rear Cushion Assembly
67,52400KWH961ZAS,CUSHION ASSY RR(BLACKNH-1(TYPE-1),Rear Cushion Assembly
68,52400KCC871S,CUSHION ASSY. RR.,Rear Cushion Assembly
69,52400KTCA21S,CUSHION ASSY RR,Rear Cushion Assembly
70,52400KWP900S,CUSHION ASSY REAR,Rear Cushion Assembly
71,51400KWP901S,CUSHION ASSY R FR,Rear Cushion Assembly
72,52400ABW101S,CUSHION ASSEMBLY REAR,Rear Cushion Assembly
73,52400KST951ZAS,CUSHION ASSY REAR(BLK),Rear Cushion Assembly
74,52400KVE861S,CUSHION ASSY REAR,Rear Cushion Assembly
75,52400KTP901S,CUSHION ASSY.REAR,Rear Cushion Assembly
76,52400AAH000RS,CUSHION ASSY. RR (BLK NH-1),Rear Cushion Assembly
77,52400AAW000S,CUSHION ASSY. RR,Rear Cushion Assembly
78,52400KCC905ZAS,CUSHION ASSY.RR(C.R.RED),Rear Cushion Assembly
79,52400KWH9099RS,CUSHION ASSEMBLY REAR NH-1 TYPE-1,Rear Cushion Assembly
80,52400KZAW01S,CUSHION ASSY REAR,Rear Cushion Assembly
81,52400KTC901HS,CUSHION ASSY.REAR,Rear Cushion Assembly
82,52400KVN871S,CUSHION ASSEMBLY REAR,Rear Cushion Assembly
83,52400ABZ000S,CUSHION ASSEMBLY REAR,Rear Cushion Assembly
84,52400KVE931S,CUSHION ASSYRR.,Rear Cushion Assembly
85,52400KWH961ZCS,CUSHION ASSY RR(CSM NH-35M),Rear Cushion Assembly
86,52400KCC830ZCS,CUSHION ASSY.RR.(CSM NH-3,Rear Cushion Assembly
87,52400AAF400S,CUSHION ASSEMBLY REAR,Rear Cushion Assembly
88,52400AAH0099RS,CUSHION ASSEMBLY REAR BLACK NH-1,Rear Cushion Assembly
89,52400KWH961ZDS,CUSHION ASSY RR(CBR R-195C),Rear Cushion Assembly
90,51500KWP901S,CUSHION ASSEMBLY L FR,Rear Cushion Assembly
91,52400AAGA00S,CUSHION ASSEMBLY REAR,Rear Cushion Assembly
92,52400KST951ZDS,CUSHION ASSEMBLY. REAR(R-195C),Rear Cushion Assembly
93,52400KRY961S,CUSHION ASSEMBLY REAR,Rear Cushion Assembly
94,52400KST941ZAS,CUSHION ASSEMBLY. REAR(NH-1),Rear Cushion Assembly
95,52400ABW111S,CUSHION ASSEMBLY REAR,Rear Cushion Assembly
96,52400AAM200S,CUSHION ASSEMBLY REAR,Rear Cushion Assembly
97,52400KTN761S,CUSHION ASSEMBLY REAR,Rear Cushion Assembly
98,52400AAF000S,CUSHION ASSEMBLY REAR,Rear Cushion Assembly
99,52400KST951ZES,CUSHION ASSEMBLY. REAR(NH-373M),Rear Cushion Assembly
100,52400KZJ901S,CUSHION ASSEMBLY REAR,Rear Cushion Assembly
101,52400AAH000US,CUSHION ASSEMBLY. REAR (R-195C),Rear Cushion Assembly
102,52400KTR901S,CUSHION ASSEMBLY REAR,Rear Cushion Assembly
103,52400KST951ZCS,CUSHION ASSY.REAR(CMM),Rear Cushion Assembly
104,52400ABS300S,CUSHION ASSY REAR,Rear Cushion Assembly
105,52400AAB000S,CUSHION ASSEMBLY REAR,Rear Cushion Assembly
106,52400ABZH00S,CUSHION ASSEMBLY REAR,Rear Cushion Assembly
107,52400AABA02S,CUSHION ASSEMBLY REAR,Rear Cushion Assembly
108,52400KRY971S,CUSHION ASSEMBLY REAR,Rear Cushion Assembly
109,52400ABW001S,CUSHION ASSEMBLY REAR,Rear Cushion Assembly
110,52400AAWD00S,CUSHION ASSEMBLY REAR,Rear Cushion Assembly
111,52400AAK100S,CUSHION ASSEMBLY REAR,Rear Cushion Assembly
112,52400AAH2000S,CUSHION ASSEMBLY REAR(GY-141M),Rear Cushion Assembly
113,52400KWH961ZHS,CUSHION ASSY RR(HGM NH-194-U),Rear Cushion Assembly
114,52400KWF961S,CUSHION ASSEMBLY REAR,Rear Cushion Assembly
115,52400KVH761S,CUSHION ASSEMBLY REAR,Rear Cushion Assembly
116,52400AAH000VS,CUSHION ASSY. RR (BSM NH-373M),Rear Cushion Assembly
117,52400AAJB00S,CUSHION ASSEMBLY REAR,Rear Cushion Assembly
118,52400AAHF00WS,CUSHION ASSEMBLY. REAR (NH-194M-U),Rear Cushion Assembly
119,52400ACK00099US,"CUSHION ASSY., REAR (TECHNO BLUE ME.)",Rear Cushion Assembly
120,52400AAE500RS,CUSHION ASSEMBLY REAR RD(BR)-016M(G),Rear Cushion Assembly
121,52400AAE80099WS,CUSHION REAR GL(BR)-001M(F),Rear Cushion Assembly
122,52400KCC830ZLS,CUSHION ASSEMBLY. REAR(PB-365M),Rear Cushion Assembly
123,52400KST941ZDS,CUSHION ASSEMBLY. REAR(R-195C),Rear Cushion Assembly
124,52400KWH961ZGS,CUSHION ASSEMBLY REAR(R-308M),Rear Cushion Assembly
125,52400AAE000US,CUSHION ASSEMBLY. REAR (R-4C),Rear Cushion Assembly
126,52400AAE300US,CUSHION ASSEMBLY. REAR NH-A63M,Rear Cushion Assembly
127,52400KWH961ZES,CUSHION ASSEMBLY REAR(PB-365M),Rear Cushion Assembly
128,52400AAH000TS,CUSHION ASSEMBLY. REAR (R-184M),Rear Cushion Assembly
129,52400KWH961ZFS,CUSHION ASSEMBLY REAR(PB-307M),Rear Cushion Assembly
130,52400KST941ZES,CUSHION ASSEMBLY REAR,Rear Cushion Assembly
131,52400AAD400S,CUSHION ASSEMBLY REAR,Rear Cushion Assembly
132,52400ACR300S,CUSHION ASSEMBLY REAR,Rear Cushion Assembly
133,52400AAE800WS,CUSHION ASSEMBLY REAR,Rear Cushion Assembly
134,52400AAEH00ZGS,CUSHION ASSEMBLY. REAR.(R-308M),Rear Cushion Assembly
135,22201GF6000S,DISK CLUTCH FRICTION,Clutch
136,22201KBW900S,DISK CLUTCH FRICTION,Clutch
137,22201KPGT00S,DISK CLUTCH FRICTION,Clutch
138,22201KPM850S,DISK CLUTCH FRICTION,Clutch
139,22201KWS901S,DISK CLUTCH FRICTION,Clutch
140,22201MJ8000S,DISK CLUTCH FRICTION,Clutch
141,22201MR8000S,DISKCLUTCH FRICTION,Clutch
142,22204KWS901S,DISK B CLUTCH FRICTION,Clutch
143,22205KPGT00S,DISK B CLUTCH FRICTION,Clutch
144,22350KPL900S,PLATE COMP.DRIVE,Clutch
145,22350KWP900S,PLATE COMP.DRIVE,Clutch
146,22201AAG501EES,DISK A CLUTCH FRICTION,Clutch
147,22201AAG501S,DISK A CLUTCH FRICTION,Clutch
148,22201AAHA01S,DISC CLUTCH FRICTION,Clutch
149,22201AANB01S,DISK CLUTCHFRICTION,Clutch
150,22201GF6000EES,DISK CLUTCH FRICTION,Clutch
151,22201KBW900EES,DISC CLUTCH FRICTION,Clutch
152,22201KPGT00EES,DISK CLUTCH FRICTION,Clutch
153,22201KPM850EES,DISK CLUTCH FRICTION,Clutch
154,22201MJ8000EES,"DISK, CLUTCH FRICTION",Clutch
155,22201MR8000EES,"DISK,CLUTCH FRICTION",Clutch
156,22205AAG501EES,DISK B CLUTCH FRICTION,Clutch
157,22205AAG501S,DISK B CLUTCH FRICTION,Clutch
158,22205AANB00EES,DISK B CLUTCH FRICTION,Clutch
159,22205AANB00S,DISK B CLUTCH FRICTION,Clutch
160,22205KPGT00EES,DISK B CLUTCH FRICTION,Clutch
161,22311107000S,PLATE CLUTCH,Clutch
162,22321KE8000S,PLATE CLUTCH,Clutch
163,22321KPS900S,PLATE CLUTCH,Clutch
164,22321KWB601S,PLATE CLUTCH,Clutch
165,22350115020S,PLATE CLUTCH PRESSURE,Clutch
166,22350KPGT00S,PLATE CLUTCH PRESSURE,Clutch
167,22355KPK900S,PLATE CLUTCH PRESSURE,Clutch
168,22355KRM840S,PLATE CLUTCH PRESSURE,Clutch
169,22355KTE910S,PLATE CLUTCH PRESSURE,Clutch
170,22355KWS901S,PLATE CLUTCH PRESSURE,Clutch
171,22361GFM900S,PLATE CLUTCH SIDE,Clutch
172,22361KFM900S,PLATE CLUTCH SIDE,Clutch
173,22361KPGT00S,PLATE CLUTCH SIDE,Clutch
174,22361KPK900S,PLATE CLUTCH SIDE,Clutch
175,22361KST940S,PLATE CLUTCH SIDE,Clutch
176,22361437000S,PLATE CLUTCH LIFTER,Clutch
177,22350AAF400S,PLATE CLUTCH PRESSURE,Clutch
178,22350AAG501S,PLATE CLUTCH PRESSURE,Clutch
179,22350AAHA01S,PLATE CLUTCH PRESSURE,Clutch
180,22311AAHA01S,PLATE CLUTCH,Clutch
181,22350AANB01S,PLATE CLUTCH PRESSURE,Clutch
182,K22222HF100DS,CLUTCH ASSEMBLY,Clutch Assembly Kit
183,K22222KTCE900S,KIT DISC CLUTCH FRICTION,Clutch Assembly Kit
184,K22222AAGG501S,DISC CLUTCH FRICTION KIT,Clutch Assembly Kit
185,K22222KZAAW00VS,DISC CLUTCH FRICTION KIT - PASSION,Clutch Assembly Kit
186,K22222KTNA900S,KIT DISC CLUTCH FRICTION,Clutch Assembly Kit
187,K22221AAN125S,KIT CLUTCH PLATE 3 LUG,Clutch Assembly Kit
188,K22222AAGA500S,KIT DISK CLUTCH FRICTION,Clutch Assembly Kit
189,K22222AAHRD00S,KIT DISC FRICTION CLUTCH,Clutch Assembly Kit
190,K22222KRYA900S,KIT DISC CLUTCH FRICTION,Clutch Assembly Kit
191,K22222ABW200S,KIT CLUTCH PLATE 4 LUG,Clutch Assembly Kit
192,K22221AAJPA00S,KIT CENTRE CLUTCH,Clutch Assembly Kit
193,K22222KRYA900EES,KIT DISC CLUTCH FRICTION,Clutch Assembly Kit
194,K22222KTCE900EES,KIT DISC CLUTCH FRICTION,Clutch Assembly Kit
195,K22222KTNA900EES,KIT DISC CLUTCH FRICTION,Clutch Assembly Kit
196,K22222AAJL900S,KIT DISC FRICTION CLUTCH,Clutch Assembly Kit
197,K22222AAJMA00S,KIT DISC FRICTION CLUTCH,Clutch Assembly Kit
198,33K110S,PISTON RING KIT STD,Piston Ring Kit
199,33K111S,PISTON RING KIT I-OVER SIZE,Piston Ring Kit
200,33K112S,PISTON RING KIT II-OVER SIZE,Piston Ring Kit
201,33K120S,PISTON RING KIT STD (Y2K),Piston Ring Kit
202,33K121S,PISTON RING KIT I-OVER SIZE (Y2K),Piston Ring Kit
203,33K122S,PISTON RING KIT II-OVER SIZE (Y2K),Piston Ring Kit
204,33K130S,PISTON RING KIT STD,Piston Ring Kit
205,33K131S,PISTON RING KIT I-OVER SIZE,Piston Ring Kit
206,33K132S,PISTON RING KIT II-OVER SIZE,Piston Ring Kit
207,33K140S,PISTON RING KIT STD (Y2K),Piston Ring Kit
208,33K141S,PISTON RING KIT I-OVER SIZE (Y2K),Piston Ring Kit
209,33K142S,PISTON RING KIT II-OVER SIZE (Y2K),Piston Ring Kit
210,33K143S,PISTON RING KIT(III-OVER SIZE),Piston Ring Kit
211,33K150S,PISTON RING KIT(STD),Piston Ring Kit
212,33K151S,PISTON RING KIT(I-OVER SIZE),Piston Ring Kit
213,33K152S,PISTON RING KIT(II-OVER SIZE),Piston Ring Kit
214,33K153S,PISTON RING KIT(III-OVER SIZE),Piston Ring Kit
215,33K160S,PISTON RING KIT(STD),Piston Ring Kit
216,33K161S,PISTON RING KIT(I-OVER SIZE),Piston Ring Kit
217,33K162S,PISTON RING KIT(II-OVER SIZE),Piston Ring Kit
218,44701AACH00S,RIM FRONT WHEEL,Wheel Rim
219,44701AACH50S,RIM WHEEL (1.6X18),Wheel Rim
220,42702KWP900S,RIM COMP WHEEL,Wheel Rim
221,42702KPL900S,RIM COMP.WHEEL,Wheel Rim
222,42702AAY000S,RIM COMP WHEEL,Wheel Rim
223,42702AAL110S,RIM COMP WHEEL,Wheel Rim
224,44701ABW100S,RIM FRONT WHEEL,Wheel Rim
225,42702AAW000S,RIM COMP WHEEL,Wheel Rim
226,42701ABW100S,RIM REAR WHEEL,Wheel Rim
227,44702AAW010S,RIM COMP.WHEEL,Wheel Rim
228,42701KZJ900S,RIM REAR WHEEL,Wheel Rim
229,44701KZJ900S,RIM FR WHEEL,Wheel Rim
230,44701AAJ600S,RIM FRONT WHEEL,Wheel Rim
231,42701AAJ600S,RIM REAR WHEEL,Wheel Rim
232,14401AAD00099S,CAM CHAIN,Cam Chain
233,14401AAG00099S,SILENT CHAIN ASSEMBLY,Cam Chain
234,14401KCW851S,CHAIN CAM (BORG WARNER),Cam Chain
235,14401KWS901S,CHAIN CAM,Cam Chain
236,14401AAW00099S,CHAIN CAM,Cam Chain
237,14401KWP901S,CHAIN CAM,Cam Chain
238,14401KPL900S,CHAIN CAM,Cam Chain
239,14401KFB751S,CHAIN CAM,Cam Chain
240,14401KTE910S,CHAIN CAM,Cam Chain
241,14401KEH901LS,CHAIN CAM,Cam Chain
242,14401KTC900S,CHAIN CAM (BORG WARNER),Cam Chain
243,14401AAF40099S,CHAIN CAM,Cam Chain
244,14401AABA00S,CHAIN CAM,Cam Chain
245,22K130LS,CAM.CHAIN KIT,Cam Chain Kit
246,K14144KZAAW00S,"KIT, CAM CHAIN",Cam Chain Kit
247,K14144AACK000S,KIT CAM CHAIN,Cam Chain Kit
248,K14144AAEE300S,"KIT, CAM CHAIN",Cam Chain Kit
249,22K150S,CAM CHAIN KIT (SUPER SPLENDOR),Cam Chain Kit
250,K14144KTCE900S,"""KIT, CAM CHAIN""",Cam Chain Kit
251,22K170S,CAM.CHAIN KIT ( X-TREME / HUNK),Cam Chain Kit
252,K14144AANNB00S,CAM CHAIN KIT,Cam Chain Kit
253,K14144AADE301S,"KIT, CAM CHAIN",Cam Chain Kit
254,K14144AAFF400S,"""KIT, CAM CHAIN""",Cam Chain Kit
255,22K160S,CAM.CHAIN KIT (KARIZMA),Cam Chain Kit
256,K14144AADE3000S,"""KIT, CAM CHAIN""",Cam Chain Kit
257,K14144AAWA000S,"""KIT, CAM CHAIN""",Cam Chain Kit
258,K14144AABMA00S,"KIT, CAM CHAIN",Cam Chain Kit
259,K14144AADE303S,CAM CHAIN KIT,Cam Chain Kit
260,K14144AAWA010S,KIT CAM CHAIN,Cam Chain Kit
261,22K180S,CAM CHAIN KIT (PLEASURE),Cam Chain Kit
262,22K190S,CAM CHAIN KIT (KARIZMA ZMR),Cam Chain Kit
263,K14144KTPE900S,"KIT, CAM CHAIN",Cam Chain Kit
264,K14144ABZ000S,KIT CAM CHAIN,Cam Chain Kit
265,K14144ABWJ800S,KIT CAM CHAIN,Cam Chain Kit
266,K14144KTNA900S,"""KIT, CAM CHAIN""",Cam Chain Kit
267,22K141LS,CAM CHAIN KIT,Cam Chain Kit
268,21K120LS,CYLINDER STD KIT,Cylinder Kit
269,21K125LS,CYLINDER STD KIT (Y2K),Cylinder Kit
270,21K130LS,CYLINDER STD KIT,Cylinder Kit
271,21K135LS,CYLINDER STD KIT (Y2K),Cylinder Kit
272,21K160S,CYLINDER STD KIT (SUPER SPLENDOR),Cylinder Kit
273,21K170S,CYLINDER STD KIT (KARIZMA),Cylinder Kit
274,21K180S,CYLINDER STD KIT ( X-TREME/HUNK),Cylinder Kit
275,21K190S,CYLINDER STD KIT,Cylinder Kit
276,961006204000S,BEARING BALL RADIAL 6204,Ball Bearing
277,961006003000S,BRG.BALL RADIAL 6003,Ball Bearing
278,91004ABG000S,BRG BALL RADIAL 6204 AB,Ball Bearing
279,91001KCN003S,BEARING BALL RADIAL 28X72X18,Ball Bearing
280,961506302010S,BEARING BALL RADIAL 6302(UU),Ball Bearing
281,961006200000S,BRG.BALL RADIAL,Ball Bearing
282,91101AACH40S,BEARING CONNECTING ROD,Ball Bearing
283,91007KPH901S,BRG.BALL RADIAL 6001 U SPL.,Ball Bearing
284,91003KSP910S,BRG.BALL RADIAL 17X42X12,Ball Bearing
285,961506202010S,BEARING BALL RADIAL 6202,Ball Bearing
286,961406303010S,BEARING BALL RADIAL 6303(U),Ball Bearing
287,91004KTN900S,BRG.BALL RADIAL 17X40X12,Ball Bearing
288,91006KTN900S,BRG.BALL RADIAL 20X47X14,Ball Bearing
289,91005KTN900S,BRG.BALL RADIAL 12X32X10,Ball Bearing
290,91009ABS202S,BRG. BALL RADIAL 6004UU,Ball Bearing
291,91001ABZ000S,BRG BALL 35X72X15,Ball Bearing
292,91006GAZ980S,BRG.RADIAL BALL 6901 U,Ball Bearing
293,961206001010LS,BRG.RADIAL BALL (6001),Ball Bearing
294,91007GB69100S,BEARING BALL RADIAL,Ball Bearing
295,91104KCW880S,BRG BALL RADIAL 6204,Ball Bearing
296,91001ABZ002S,BRG BALL 72X35X15,Ball Bearing
297,91005KCN003S,BEARING BALL RADIAL 20X55X11,Ball Bearing
298,91009ABS203S,BRG BALL RADIAL 6004UU,Ball Bearing
299,91103AACH40S,BEARING CONNECTING ROD,Ball Bearing
300,91010ABF001S,BRG BALL RADIAL 12X32X10,Ball Bearing
301,91102AACH40S,BEARING CONNECTING ROD,Ball Bearing
302,91101KWS901S,BRG CONN ROD 26X32X13.8,Ball Bearing
303,91007KWP901S,BRG BALL RADIAL 6202,Ball Bearing
304,96100AANB0099S,BEARING BALL RADIAL 6203,Ball Bearing
305,91006KWP901S,BRG BALL RADIAL 6201,Ball Bearing
306,53215KTP900S,BALL ASSY STRG,Ball Bearing
307,96100AANB0499S,BEARING BALL RADIAL 6203,Ball Bearing
308,96100AANB1099S,BEARING BALL RADIAL 6201,Ball Bearing
309,96100AANB0199S,BEARING BALL RADIAL 6001,Ball Bearing
310,91008KK6000S,BEARING BALL RADIAL 16003,Ball Bearing
311,91001ABT00099S,BRG BALL RADIAL,Ball Bearing
312,91102KWS901S,BRG CONN ROD 26X32X13.8,Ball Bearing
313,91006KWS902S,BRG.BALL RADIAL 6203,Ball Bearing
314,91002ABT00099S,BRG BALL RADIAL 6007,Ball Bearing
315,91008KTN900S,BRG.BALL RADIAL 12X28X8,Ball Bearing
316,91007KTN900S,BRG.BALL RADIAL 17X35X10,Ball Bearing
317,91008AABA01S,BRG. BALL RADIAL 12X28X8,Ball Bearing
318,91005AAWD01S,BRG BALL RADIAL 28X10X8,Ball Bearing
319,91001AAWD00S,BRG BALL 35X72X15,Ball Bearing
320,91004KWS901S,BRG.BALL RADIAL 6201,Ball Bearing
321,91053MAY003S,BEARING BALL RADIAL 6203(UU),Ball Bearing
322,91051KWF901S,BRG.BALL RADIAL 6203 (UU),Ball Bearing
323,91103KWS901S,BRG CONN ROD 26X32X13.8,Ball Bearing
324,91003KRC920S,BEARING BALL,Ball Bearing
325,91004KTP901S,BRG.BALL RADIAL 6203 SPC,Ball Bearing
326,91004KZJ900S,BRG BALL RADIAL 6202 SPL,Ball Bearing
327,91005KEH910S,BEARING BALL RADIAL 6006,Ball Bearing
328,91005KWS901S,BRG.BALL RADIAL 6001,Ball Bearing
329,91015KEH910S,BEARING BALL RADIAL 6202U,Ball Bearing
330,961206001010S,BEARING BALL,Ball Bearing
331,961406202010S,BEARING BALL RADIAL 6202,Ball Bearing
332,91001KRC920S,BEARING BALL,Ball Bearing
333,91001AAJ501S,BEARING RADIAL BALL 6304,Ball Bearing
334,25K170S,BALL RACES KIT (ACHR/GLMR),Ball Race Kit
335,25K160S,BALL RACES KIT,Ball Race Kit
336,25K180S,BALL RACE KIT,Ball Race Kit
337,K53532ABZA000S,BALL RACE KIT,Ball Race Kit
338,K53532AAEE300S,BALL RACE KIT,Ball Race Kit
339,21K200S,CYLINDER KIT (GLAMOUR),Cylinder Kit
340,21K201S,CYLINDER KIT (GLAMOUR NEW,Cylinder Kit
341,21K210S,CYLINDER KIT (GMR ),Cylinder Kit
342,21K211S,"CYLINDER KIT (GMR ,NEW '2011)",Cylinder Kit
343,21K220S,CYLINDER KIT (PASSION PRO),Cylinder Kit
344,21K230S,CYLINDER KIT (PLEASURE),Cylinder Kit
345,21K240S,CYLINDER KIT (SPL+ CW/PASS PLUS CW),Cylinder Kit
346,21K260S,CYLINDER KIT (ACHIEVER NEW),Cylinder Kit
347,21K270S,CYLINDER KIT (SPL PRO),Cylinder Kit
348,21K280S,CYLINDER KIT (HUNK NEW),Cylinder Kit
349,K12121KSTG940S,"KIT, CYLINDER",Cylinder Kit
350,K12121KZAAW00S,"KIT, CYLINDER",Cylinder Kit
351,K12121KZNA900S,"KIT, CYLINDER",Cylinder Kit
352,K12121AAWA000S,CYLINDER STD KIT,Cylinder Kit
353,K12121AATA001S,"KIT, CYLINDER",Cylinder Kit
354,K12121AATA000S,"KIT, CYLINDER",Cylinder Kit
355,K12121AADG501S,"KIT, CYLINDER",Cylinder Kit
356,K12121ABGA000S,"KIT, CYLINDER",Cylinder Kit
357,23100AAL500S,BELT DRIVE (Scooter),Belt
358,23100KPL900S,BELT DRIVE (Scooter),Belt
359,23100AAW001S,BELT DRIVE (Scooter),Belt
360,23100AAL000S,BELT DRIVE (Scooter),Belt
361,961406301010S,BRG.BALL RADIAL6301,Ball Bearing
362,91001GF6000S,BRG.BALLRADIAL,Ball Bearing
363,961006203000S,BRG.BALL RADIAL6203,Ball Bearing
364,961506203010S,BEARING BALL RADIAL 6203 (UU),Ball Bearing
365,961006001000S,BRG.BALL RADIAL6001,Ball Bearing
366,91009GW3980S,BRG.BALL RADIAL 6004 UU,Ball Bearing
367,961006201000S,BRG.BALL RADIAL 6201,Ball Bearing
368,91002KTC901S,BRG.BALL RADIAL 63/22 SPL.,Ball Bearing
369,961006203010S,BARING BALL RADIAL 6203,Ball Bearing
370,90912KPL900S,BEARING BALL RADIAL 6201(U),Ball Bearing
371,91002KSP911S,BRG.BALL RADIAL 6207 SPL LEFT,Ball Bearing
372,91001GCC000S,BRG.BALL RADIAL 6205Z,Ball Bearing
373,91002GCC000S,BRG.BALL RADIAL 6007,Ball Bearing
374,961006301000S,BRG.BALL RADIAL 6301,Ball Bearing
375,961006202000S,BEARING BALL RADIAL 6202,Ball Bearing
376,91002AAF400S,BRG. BALL RADIAL 56X22,Ball Bearing
377,961506005010S,BEARING BALL RADIAL 6005,Ball Bearing
378,91001KWS901S,BRG.BALL RADIAL 63/22,Ball Bearing
379,91004AAL00099S,BRG BALL RADIAL 6203 SPC,Ball Bearing
380,961506301010S,BEARING BALL RADIAL 6301(UU),Ball Bearing
381,91004AAW00099S,BRG BALL RADIAL 6204,Ball Bearing
382,961406302010S,BEARING BALL RADIAL 6302(U),Ball Bearing
383,91002KWS901S,BRG BALL RADIAL 63/22,Ball Bearing
384,91001AAF400S,BRG. BALL RADIAL 56X22,Ball Bearing
385,91009KVY961S,BRG BALL RADIAL 6902U,Ball Bearing
386,35100AAEH00S,SW ASSY COMB & LOCK,Basket 2
387,83401KCC900SS,VISOR FRONT (BLACK),Basket 2
388,22121198900S,CENTER CLUTCH,Basket 2
389,14610086000RS,ROLLAR COMP CAM CHAIN,Basket 2
390,14502086000RS,ROLLER CAM CHAIN TENSIONER,Basket 2
391,22121KTP900S,ROLLER COMP. WEIGHT,Basket 2
392,53100KWH970S,PIPE STRG.HANDLE,Basket 2
393,50530KST940S,BAR COMP.SIDE STAND,Basket 2
394,3310AKCC710AS,LIGHT ASSY. HEAD(W/O BULB),Basket 2
395,35180KWP901S,SWITCH UNIT HORN,Basket 2
396,3310AAAGH20S,LIGHT ASSY HEAD(W/O BULB),Basket 2
397,17211KZAW00S,ELEMENT COMP AIR C,Basket 2
398,K50506KCCA900RS,KIT STEP,Basket 2
399,K50506KCCA900LS,KIT STEP,Basket 2
400,52110KST900S,SWINGARM COMP.REAR,Basket 2
401,3310BAAH10099S,LIGHT ASSY. HEAD,Basket 2
402,06455AANE00S,"KIT, PAD FR",Basket 2
403,K42423KSTG940S,KIT HALF-AXLE NUT,Basket 2
404,K44448KTPF900S,KIT PINION SPEEDOMETER,Basket 2
405,88120AANH01ZAS,MIRROR ASSEMBLY LEFT BACK(BLACK NH-1),Basket 2
406,K51514KTPF900S,KIT CUSHION BUSH,Basket 2
407,K50506KTCF900RS,KIT STEP,Basket 2
408,41241GB4770S,DAMPER RR WHEEL,Basket 2
409,K14147ABLA000S,Valve KIT-Maestro,Basket 2
410,91001KTC900S,BRG.ROLLER 22 X 58 X 17,Basket 2
411,16100AALH00S,CARBURETOR ASSY,Basket 2
412,23121KST901S,GEAR PRIMARY DRIVE 18T,Basket 2
413,24211GF6000RS,FORK GEAR SHIFT,Basket 2
414,K10111HF100DS,KIT GASKET,Basket 2
415,24430KST900S,ARM COMP.SHIFT DRUM STOPPER,Basket 2
416,23123KGH900S,GEAR C PRIMARY DRIVE(YELLOW),Basket 2
417,88110AANH01ZAS,MIRROR ASSEMBLY RIGHT BACK (BLACK NH-1),Basket 2
418,22121KWP900S,ROLLER COMP WEIGHT,Basket 2
419,14520KTC902S,LIFTER ASSY.TENSIONER,Basket 2
420,41241KTC900S,DAMPERREAR WHEEL,Basket 2
421,K40405KWAG930S,CHAIN COVER KIT,Basket 2
422,16100AAW002S,CARBURETTOR ASSY,Basket 2
423,23121KTN900S,GEAR PRIMARY DRIVE (20T),Basket 2
424,11203GC7300S,UND.RUBBER BUSH RR.CUSH.,Basket 2
425,91001KTN900S,BRG.ROLLER 30X58X17,Basket 2
426,K42423KCCZ600S,KIT HALF-AXLE NUT,Basket 2
427,K91910KTCE900S,KIT ENGINE BEARING,Basket 2
428,22121AAW300S,ROLLER COMP. WEIGHT,Basket 2
429,50530KWP900S,BAR COMP SIDE STAND,Basket 2
430,29K210S,SPEEDOMETER DRIVE KIT,Basket 2
431,K45454AAGA000S,KIT CABLE FRONT BRAKE,Basket 2
432,14566086030S,HEAD.TENSIONER.PUSH ROD,Basket 2
433,K50506KTCF900LS,KIT STEP,Basket 2
434,41241KSP900S,DAMPER RR WHEEL (Set of 4),Basket 2
435,23421GCC000S,SHAFT COUNTER,Basket 2
436,15100KTP900S,OIL PUMP ASSY.,Basket 2
437,14520KPL840S,LIFTER ASSY.TENSIONER,Basket 2
438,K50505ACKH700S,KIT SIDE STAND,Basket 2
439,K10123HF100DS,"KIT,CAP TAPPET",Basket 2
440,50355KPL900S,LINK SUB ASSEMBLY ENGINE HANGER,Basket 2
441,51410KCC900S,PIPE COMP.FR.FORK,Basket 2
442,K96961HF100RRS,KIT WHEEL BEARING,Basket 2
443,K22222KTRK000S,Kit Clutch Assembly - BSIII (125 CC),Basket 2
444,K14144AADA000S,KIT Half Cam Chain 100CC,Basket 2
445,K23010AAWFP11S,KIT CLUTCH PULLEY,Basket 2
446,K23010ABS4P11S,KIT CLUTCH PULLEY,Basket 2
447,K23010KTP9P11S,KIT CLUTCH PULLEY,Basket 2
448,33400KCC710PROS,,ProParts WINKER
449,83401KCC900SPROS,,ProParts VISOR
450,61100KST940ZAPROS,,ProParts FENDER
451,53178AAFH00PROS,,ProParts LEVER LEFT
452,53175AAFH00PROS,,ProParts LEVER RIGHT
453,ACKEA7B000000GS,,U BATTERY HBT4
454,44711HTF700S,,Tyre Maxis 1
455,42711HTR701S,,Tyre Maxis 2
456,20K710S,Chainsets,Chainsets
457,20K211S,Chainsets,Chainsets
